customer_id,customer_name,email,city,country,signup_date,plan_type,is_active
1,Customer_1,customer1@mail.com,Chennai,India,2023-04-25,Basic,1
2,Customer_2,customer2@mail.com,Mumbai,India,2023-08-17,Basic,0
3,Customer_3,customer3@mail.com,Chennai,India,2025-01-28,Premium,0
4,Customer_4,customer4@mail.com,Pune,India,2024-03-08,Basic,0
5,Customer_5,customer5@mail.com,Mumbai,India,2023-08-27,Basic,0
6,Customer_6,customer6@mail.com,Pune,India,2023-07-23,Premium,1
7,Customer_7,customer7@mail.com,Mumbai,India,2024-04-04,Basic,0
8,Customer_8,customer8@mail.com,Kolkata,India,2025-04-05,Basic,1
9,Customer_9,customer9@mail.com,Bangalore,India,2023-10-12,Basic,1
10,Customer_10,customer10@mail.com,Delhi,India,2023-04-05,Basic,1
11,Customer_11,customer11@mail.com,Kolkata,India,2023-12-19,Premium,0
12,Customer_12,customer12@mail.com,Chennai,India,2024-04-15,Basic,1
13,Customer_13,customer13@mail.com,Delhi,India,2024-07-19,Basic,1
14,Customer_14,customer14@mail.com,Pune,India,2023-07-16,Premium,0
15,Customer_15,customer15@mail.com,Chennai,India,2023-08-22,Premium,0
16,Customer_16,customer16@mail.com,Kolkata,India,2023-08-27,Premium,1
17,Customer_17,customer17@mail.com,Bangalore,India,2024-04-09,Premium,1
18,Customer_18,customer18@mail.com,Mumbai,India,2024-01-15,Basic,1
19,Customer_19,customer19@mail.com,Chennai,India,2024-11-30,Premium,0
20,Customer_20,customer20@mail.com,Pune,India,2025-01-16,Basic,1
21,Customer_21,customer21@mail.com,Hyderabad,India,2023-10-04,Enterprise,0
22,Customer_22,customer22@mail.com,Chennai,India,2023-11-29,Premium,0
23,Customer_23,customer23@mail.com,Mumbai,India,2025-04-21,Basic,1
24,Customer_24,customer24@mail.com,Hyderabad,India,2023-10-02,Basic,1
25,Customer_25,customer25@mail.com,Mumbai,India,2024-11-02,Basic,1
26,Customer_26,customer26@mail.com,Mumbai,India,2023-09-29,Basic,1
27,Customer_27,customer27@mail.com,Chennai,India,2024-08-21,Basic,1
28,Customer_28,customer28@mail.com,Bangalore,India,2023-08-13,Enterprise,0
29,Customer_29,customer29@mail.com,Pune,India,2024-05-20,Basic,0
30,Customer_30,customer30@mail.com,Kolkata,India,2023-04-23,Basic,0
31,Customer_31,customer31@mail.com,Kolkata,India,2024-11-27,Basic,0
32,Customer_32,customer32@mail.com,Hyderabad,India,2024-01-26,Basic,1
33,Customer_33,customer33@mail.com,Pune,India,2023-09-15,Enterprise,0
34,Customer_34,customer34@mail.com,Chennai,India,2025-01-08,Basic,1
35,Customer_35,customer35@mail.com,Kolkata,India,2024-10-18,Basic,1
36,Customer_36,customer36@mail.com,Hyderabad,India,2023-06-11,Basic,1
37,Customer_37,customer37@mail.com,Pune,India,2025-02-19,Basic,0
38,Customer_38,customer38@mail.com,Kolkata,India,2024-10-02,Basic,0
39,Customer_39,customer39@mail.com,Mumbai,India,2024-01-18,Premium,0
40,Customer_40,customer40@mail.com,Pune,India,2023-11-28,Basic,0
41,Customer_41,customer41@mail.com,Bangalore,India,2025-06-18,Enterprise,1
42,Customer_42,customer42@mail.com,Mumbai,India,2023-03-01,Basic,0
43,Customer_43,customer43@mail.com,Delhi,India,2025-01-19,Basic,0
44,Customer_44,customer44@mail.com,Kolkata,India,2024-06-29,Premium,0
45,Customer_45,customer45@mail.com,Chennai,India,2024-05-01,Enterprise,0
46,Customer_46,customer46@mail.com,Bangalore,India,2024-06-24,Premium,1
47,Customer_47,customer47@mail.com,Mumbai,India,2024-07-06,Premium,0
48,Customer_48,customer48@mail.com,Chennai,India,2023-11-16,Basic,1
49,Customer_49,customer49@mail.com,Hyderabad,India,2024-06-13,Basic,0
50,Customer_50,customer50@mail.com,Mumbai,India,2023-03-07,Basic,0
51,Customer_51,customer51@mail.com,Pune,India,2023-08-14,Basic,0
52,Customer_52,customer52@mail.com,Mumbai,India,2023-03-11,Enterprise,1
53,Customer_53,customer53@mail.com,Delhi,India,2024-06-10,Basic,1
54,Customer_54,customer54@mail.com,Mumbai,India,2024-07-06,Basic,1
55,Customer_55,customer55@mail.com,Mumbai,India,2025-03-14,Basic,1
56,Customer_56,customer56@mail.com,Mumbai,India,2023-04-07,Basic,1
57,Customer_57,customer57@mail.com,Bangalore,India,2024-03-09,Basic,0
58,Customer_58,customer58@mail.com,Chennai,India,2024-10-31,Enterprise,0
59,Customer_59,customer59@mail.com,Delhi,India,2024-02-17,Premium,0
60,Customer_60,customer60@mail.com,Mumbai,India,2023-07-16,Basic,1
61,Customer_61,customer61@mail.com,Mumbai,India,2024-03-08,Basic,1
62,Customer_62,customer62@mail.com,Mumbai,India,2025-06-14,Enterprise,1
63,Customer_63,customer63@mail.com,Kolkata,India,2025-06-01,Premium,0
64,Customer_64,customer64@mail.com,Delhi,India,2024-10-29,Enterprise,0
65,Customer_65,customer65@mail.com,Delhi,India,2025-02-10,Premium,0
66,Customer_66,customer66@mail.com,Hyderabad,India,2024-05-12,Basic,1
67,Customer_67,customer67@mail.com,Delhi,India,2023-06-18,Basic,1
68,Customer_68,customer68@mail.com,Bangalore,India,2025-03-13,Premium,1
69,Customer_69,customer69@mail.com,Hyderabad,India,2024-12-14,Enterprise,1
70,Customer_70,customer70@mail.com,Mumbai,India,2023-07-14,Basic,0
71,Customer_71,customer71@mail.com,Pune,India,2025-01-23,Basic,1
72,Customer_72,customer72@mail.com,Delhi,India,2023-02-21,Basic,0
73,Customer_73,customer73@mail.com,Delhi,India,2024-06-04,Basic,0
74,Customer_74,customer74@mail.com,Delhi,India,2024-09-01,Basic,0
75,Customer_75,customer75@mail.com,Hyderabad,India,2023-05-03,Enterprise,0
76,Customer_76,customer76@mail.com,Pune,India,2024-08-31,Basic,0
77,Customer_77,customer77@mail.com,Hyderabad,India,2024-11-04,Basic,1
78,Customer_78,customer78@mail.com,Bangalore,India,2023-07-29,Premium,1
79,Customer_79,customer79@mail.com,Mumbai,India,2023-09-29,Basic,1
80,Customer_80,customer80@mail.com,Hyderabad,India,2023-11-20,Enterprise,0
81,Customer_81,customer81@mail.com,Delhi,India,2024-04-14,Premium,0
82,Customer_82,customer82@mail.com,Delhi,India,2024-07-04,Basic,1
83,Customer_83,customer83@mail.com,Mumbai,India,2023-12-24,Premium,0
84,Customer_84,customer84@mail.com,Bangalore,India,2023-10-19,Basic,1
85,Customer_85,customer85@mail.com,Pune,India,2025-04-06,Premium,0
86,Customer_86,customer86@mail.com,Chennai,India,2025-04-16,Basic,0
87,Customer_87,customer87@mail.com,Mumbai,India,2023-09-28,Basic,0
88,Customer_88,customer88@mail.com,Chennai,India,2024-07-20,Basic,1
89,Customer_89,customer89@mail.com,Pune,India,2023-08-04,Premium,0
90,Customer_90,customer90@mail.com,Chennai,India,2024-10-11,Premium,1
91,Customer_91,customer91@mail.com,Bangalore,India,2025-05-16,Basic,1
92,Customer_92,customer92@mail.com,Kolkata,India,2023-10-11,Basic,1
93,Customer_93,customer93@mail.com,Kolkata,India,2023-05-14,Premium,1
94,Customer_94,customer94@mail.com,Mumbai,India,2025-01-29,Basic,1
95,Customer_95,customer95@mail.com,Pune,India,2023-01-10,Basic,0
96,Customer_96,customer96@mail.com,Pune,India,2023-02-06,Premium,0
97,Customer_97,customer97@mail.com,Hyderabad,India,2023-05-11,Basic,1
98,Customer_98,customer98@mail.com,Kolkata,India,2025-05-31,Basic,1
99,Customer_99,customer99@mail.com,Mumbai,India,2024-11-29,Basic,0
100,Customer_100,customer100@mail.com,Bangalore,India,2025-03-09,Basic,1
101,Customer_101,customer101@mail.com,Pune,India,2025-02-06,Basic,0
102,Customer_102,customer102@mail.com,Kolkata,India,2023-06-16,Enterprise,0
103,Customer_103,customer103@mail.com,Hyderabad,India,2023-01-26,Basic,1
104,Customer_104,customer104@mail.com,Kolkata,India,2024-02-26,Premium,0
105,Customer_105,customer105@mail.com,Bangalore,India,2023-06-13,Premium,0
106,Customer_106,customer106@mail.com,Hyderabad,India,2025-06-12,Basic,1
107,Customer_107,customer107@mail.com,Mumbai,India,2023-07-24,Premium,1
108,Customer_108,customer108@mail.com,Bangalore,India,2023-11-09,Premium,0
109,Customer_109,customer109@mail.com,Mumbai,India,2023-01-25,Premium,1
110,Customer_110,customer110@mail.com,Bangalore,India,2023-10-13,Premium,1
111,Customer_111,customer111@mail.com,Bangalore,India,2024-10-18,Basic,1
112,Customer_112,customer112@mail.com,Delhi,India,2023-04-29,Premium,1
113,Customer_113,customer113@mail.com,Mumbai,India,2024-08-17,Enterprise,1
114,Customer_114,customer114@mail.com,Delhi,India,2023-04-22,Basic,1
115,Customer_115,customer115@mail.com,Chennai,India,2025-03-16,Basic,0
116,Customer_116,customer116@mail.com,Hyderabad,India,2024-08-13,Basic,0
117,Customer_117,customer117@mail.com,Chennai,India,2024-03-22,Basic,0
118,Customer_118,customer118@mail.com,Bangalore,India,2024-03-17,Basic,1
119,Customer_119,customer119@mail.com,Pune,India,2023-11-18,Premium,0
120,Customer_120,customer120@mail.com,Chennai,India,2023-11-04,Basic,1
121,Customer_121,customer121@mail.com,Bangalore,India,2024-02-17,Premium,0
122,Customer_122,customer122@mail.com,Mumbai,India,2024-03-06,Premium,1
123,Customer_123,customer123@mail.com,Chennai,India,2025-02-05,Enterprise,1
124,Customer_124,customer124@mail.com,Hyderabad,India,2024-07-15,Premium,1
125,Customer_125,customer125@mail.com,Bangalore,India,2023-08-04,Basic,1
126,Customer_126,customer126@mail.com,Hyderabad,India,2024-03-28,Basic,0
127,Customer_127,customer127@mail.com,Pune,India,2024-04-29,Premium,0
128,Customer_128,customer128@mail.com,Chennai,India,2023-03-28,Basic,1
129,Customer_129,customer129@mail.com,Delhi,India,2025-04-18,Enterprise,0
130,Customer_130,customer130@mail.com,Chennai,India,2023-11-14,Basic,0
131,Customer_131,customer131@mail.com,Mumbai,India,2023-01-26,Basic,1
132,Customer_132,customer132@mail.com,Pune,India,2025-05-20,Premium,1
133,Customer_133,customer133@mail.com,Hyderabad,India,2024-10-06,Basic,1
134,Customer_134,customer134@mail.com,Hyderabad,India,2024-02-14,Basic,0
135,Customer_135,customer135@mail.com,Kolkata,India,2025-05-31,Premium,0
136,Customer_136,customer136@mail.com,Kolkata,India,2024-03-11,Basic,1
137,Customer_137,customer137@mail.com,Delhi,India,2024-07-24,Basic,0
138,Customer_138,customer138@mail.com,Hyderabad,India,2023-05-17,Premium,1
139,Customer_139,customer139@mail.com,Kolkata,India,2024-03-29,Premium,1
140,Customer_140,customer140@mail.com,Kolkata,India,2024-07-15,Basic,0
141,Customer_141,customer141@mail.com,Chennai,India,2025-06-01,Basic,1
142,Customer_142,customer142@mail.com,Kolkata,India,2023-09-11,Premium,1
143,Customer_143,customer143@mail.com,Kolkata,India,2025-03-07,Basic,0
144,Customer_144,customer144@mail.com,Bangalore,India,2024-03-26,Basic,1
145,Customer_145,customer145@mail.com,Mumbai,India,2023-10-06,Basic,0
146,Customer_146,customer146@mail.com,Mumbai,India,2023-06-04,Basic,0
147,Customer_147,customer147@mail.com,Chennai,India,2023-08-08,Basic,1
148,Customer_148,customer148@mail.com,Bangalore,India,2024-07-09,Basic,0
149,Customer_149,customer149@mail.com,Mumbai,India,2025-05-02,Basic,0
150,Customer_150,customer150@mail.com,Kolkata,India,2025-02-22,Basic,1
151,Customer_151,customer151@mail.com,Delhi,India,2023-12-27,Basic,1
152,Customer_152,customer152@mail.com,Kolkata,India,2025-05-05,Basic,0
153,Customer_153,customer153@mail.com,Hyderabad,India,2023-08-13,Basic,1
154,Customer_154,customer154@mail.com,Delhi,India,2024-02-03,Basic,1
155,Customer_155,customer155@mail.com,Chennai,India,2023-06-19,Premium,0
156,Customer_156,customer156@mail.com,Pune,India,2024-06-30,Basic,1
157,Customer_157,customer157@mail.com,Pune,India,2024-07-31,Premium,0
158,Customer_158,customer158@mail.com,Chennai,India,2024-03-14,Basic,1
159,Customer_159,customer159@mail.com,Mumbai,India,2023-02-21,Basic,1
160,Customer_160,customer160@mail.com,Mumbai,India,2024-04-10,Basic,1
161,Customer_161,customer161@mail.com,Bangalore,India,2025-02-09,Enterprise,1
162,Customer_162,customer162@mail.com,Bangalore,India,2025-05-04,Basic,0
163,Customer_163,customer163@mail.com,Chennai,India,2024-07-06,Basic,1
164,Customer_164,customer164@mail.com,Mumbai,India,2024-10-27,Basic,0
165,Customer_165,customer165@mail.com,Kolkata,India,2023-02-01,Enterprise,0
166,Customer_166,customer166@mail.com,Kolkata,India,2023-01-21,Premium,0
167,Customer_167,customer167@mail.com,Mumbai,India,2024-04-29,Premium,0
168,Customer_168,customer168@mail.com,Hyderabad,India,2024-12-17,Basic,1
169,Customer_169,customer169@mail.com,Mumbai,India,2024-09-12,Premium,0
170,Customer_170,customer170@mail.com,Kolkata,India,2025-04-18,Basic,1
171,Customer_171,customer171@mail.com,Delhi,India,2024-08-15,Basic,1
172,Customer_172,customer172@mail.com,Pune,India,2024-11-24,Enterprise,1
173,Customer_173,customer173@mail.com,Hyderabad,India,2025-01-02,Basic,0
174,Customer_174,customer174@mail.com,Delhi,India,2024-12-14,Premium,0
175,Customer_175,customer175@mail.com,Kolkata,India,2024-08-02,Premium,1
176,Customer_176,customer176@mail.com,Pune,India,2024-03-14,Premium,0
177,Customer_177,customer177@mail.com,Pune,India,2024-10-25,Basic,1
178,Customer_178,customer178@mail.com,Kolkata,India,2024-05-16,Basic,1
179,Customer_179,customer179@mail.com,Chennai,India,2025-04-28,Basic,0
180,Customer_180,customer180@mail.com,Hyderabad,India,2023-06-30,Premium,1
181,Customer_181,customer181@mail.com,Pune,India,2025-04-07,Enterprise,1
182,Customer_182,customer182@mail.com,Hyderabad,India,2024-03-22,Premium,1
183,Customer_183,customer183@mail.com,Bangalore,India,2025-05-22,Basic,0
184,Customer_184,customer184@mail.com,Bangalore,India,2024-04-06,Basic,1
185,Customer_185,customer185@mail.com,Pune,India,2024-09-16,Premium,1
186,Customer_186,customer186@mail.com,Delhi,India,2024-05-21,Premium,0
187,Customer_187,customer187@mail.com,Hyderabad,India,2023-08-06,Basic,1
188,Customer_188,customer188@mail.com,Bangalore,India,2023-10-14,Premium,1
189,Customer_189,customer189@mail.com,Pune,India,2023-01-11,Basic,0
190,Customer_190,customer190@mail.com,Delhi,India,2023-09-05,Premium,1
191,Customer_191,customer191@mail.com,Pune,India,2025-02-15,Basic,1
192,Customer_192,customer192@mail.com,Chennai,India,2024-12-29,Basic,0
193,Customer_193,customer193@mail.com,Delhi,India,2023-10-29,Basic,0
194,Customer_194,customer194@mail.com,Bangalore,India,2024-11-10,Basic,1
195,Customer_195,customer195@mail.com,Pune,India,2024-06-27,Basic,1
196,Customer_196,customer196@mail.com,Bangalore,India,2024-12-20,Basic,1
197,Customer_197,customer197@mail.com,Bangalore,India,2023-08-25,Basic,0
198,Customer_198,customer198@mail.com,Bangalore,India,2023-05-03,Premium,0
199,Customer_199,customer199@mail.com,Mumbai,India,2023-08-10,Premium,1
200,Customer_200,customer200@mail.com,Chennai,India,2024-08-26,Enterprise,1
201,Customer_201,customer201@mail.com,Delhi,India,2025-05-02,Basic,0
202,Customer_202,customer202@mail.com,Bangalore,India,2023-07-03,Basic,0
203,Customer_203,customer203@mail.com,Bangalore,India,2023-02-16,Enterprise,1
204,Customer_204,customer204@mail.com,Chennai,India,2023-05-10,Premium,1
205,Customer_205,customer205@mail.com,Delhi,India,2025-06-12,Basic,1
206,Customer_206,customer206@mail.com,Hyderabad,India,2024-05-05,Basic,0
207,Customer_207,customer207@mail.com,Delhi,India,2023-09-16,Enterprise,1
208,Customer_208,customer208@mail.com,Delhi,India,2025-04-21,Basic,1
209,Customer_209,customer209@mail.com,Delhi,India,2024-08-13,Premium,0
210,Customer_210,customer210@mail.com,Mumbai,India,2023-06-02,Premium,1
211,Customer_211,customer211@mail.com,Delhi,India,2023-09-12,Basic,1
212,Customer_212,customer212@mail.com,Pune,India,2024-09-02,Premium,0
213,Customer_213,customer213@mail.com,Kolkata,India,2024-06-19,Basic,1
214,Customer_214,customer214@mail.com,Bangalore,India,2025-05-30,Basic,1
215,Customer_215,customer215@mail.com,Bangalore,India,2024-08-05,Premium,0
216,Customer_216,customer216@mail.com,Kolkata,India,2023-08-01,Premium,1
217,Customer_217,customer217@mail.com,Chennai,India,2023-03-25,Basic,0
218,Customer_218,customer218@mail.com,Pune,India,2023-03-18,Basic,1
219,Customer_219,customer219@mail.com,Hyderabad,India,2024-12-06,Basic,1
220,Customer_220,customer220@mail.com,Delhi,India,2023-08-26,Basic,1
221,Customer_221,customer221@mail.com,Chennai,India,2025-05-30,Basic,0
222,Customer_222,customer222@mail.com,Bangalore,India,2025-03-17,Premium,0
223,Customer_223,customer223@mail.com,Hyderabad,India,2023-04-28,Basic,0
224,Customer_224,customer224@mail.com,Bangalore,India,2025-04-26,Basic,0
225,Customer_225,customer225@mail.com,Mumbai,India,2025-03-22,Basic,1
226,Customer_226,customer226@mail.com,Hyderabad,India,2023-05-08,Basic,1
227,Customer_227,customer227@mail.com,Chennai,India,2024-02-17,Enterprise,1
228,Customer_228,customer228@mail.com,Hyderabad,India,2023-03-24,Basic,1
229,Customer_229,customer229@mail.com,Chennai,India,2023-11-27,Premium,0
230,Customer_230,customer230@mail.com,Delhi,India,2023-08-23,Enterprise,0
231,Customer_231,customer231@mail.com,Kolkata,India,2024-11-19,Premium,0
232,Customer_232,customer232@mail.com,Kolkata,India,2025-02-13,Basic,1
233,Customer_233,customer233@mail.com,Bangalore,India,2023-07-05,Enterprise,1
234,Customer_234,customer234@mail.com,Chennai,India,2025-04-13,Basic,0
235,Customer_235,customer235@mail.com,Hyderabad,India,2023-12-23,Basic,1
236,Customer_236,customer236@mail.com,Chennai,India,2023-04-18,Premium,1
237,Customer_237,customer237@mail.com,Hyderabad,India,2024-12-11,Basic,1
238,Customer_238,customer238@mail.com,Kolkata,India,2025-02-17,Basic,1
239,Customer_239,customer239@mail.com,Delhi,India,2023-11-19,Basic,0
240,Customer_240,customer240@mail.com,Kolkata,India,2024-02-18,Premium,0
241,Customer_241,customer241@mail.com,Chennai,India,2025-06-09,Basic,1
242,Customer_242,customer242@mail.com,Delhi,India,2023-07-12,Basic,1
243,Customer_243,customer243@mail.com,Chennai,India,2024-03-28,Premium,0
244,Customer_244,customer244@mail.com,Bangalore,India,2024-07-16,Basic,1
245,Customer_245,customer245@mail.com,Hyderabad,India,2024-12-16,Basic,0
246,Customer_246,customer246@mail.com,Chennai,India,2024-09-15,Premium,0
247,Customer_247,customer247@mail.com,Bangalore,India,2024-07-18,Basic,1
248,Customer_248,customer248@mail.com,Delhi,India,2023-08-19,Enterprise,0
249,Customer_249,customer249@mail.com,Hyderabad,India,2023-05-01,Premium,0
250,Customer_250,customer250@mail.com,Hyderabad,India,2025-01-03,Basic,1
251,Customer_251,customer251@mail.com,Hyderabad,India,2025-05-04,Basic,1
252,Customer_252,customer252@mail.com,Mumbai,India,2024-04-12,Basic,1
253,Customer_253,customer253@mail.com,Mumbai,India,2024-09-05,Basic,0
254,Customer_254,customer254@mail.com,Kolkata,India,2023-03-13,Basic,1
255,Customer_255,customer255@mail.com,Bangalore,India,2025-03-17,Basic,0
256,Customer_256,customer256@mail.com,Bangalore,India,2025-01-13,Basic,1
257,Customer_257,customer257@mail.com,Kolkata,India,2023-06-02,Basic,1
258,Customer_258,customer258@mail.com,Bangalore,India,2023-12-07,Basic,1
259,Customer_259,customer259@mail.com,Hyderabad,India,2023-11-26,Premium,0
260,Customer_260,customer260@mail.com,Pune,India,2024-01-28,Basic,1
261,Customer_261,customer261@mail.com,Delhi,India,2023-11-22,Premium,1
262,Customer_262,customer262@mail.com,Hyderabad,India,2024-11-10,Premium,0
263,Customer_263,customer263@mail.com,Hyderabad,India,2023-02-07,Basic,1
264,Customer_264,customer264@mail.com,Kolkata,India,2023-04-13,Premium,1
265,Customer_265,customer265@mail.com,Delhi,India,2024-06-22,Enterprise,0
266,Customer_266,customer266@mail.com,Chennai,India,2023-05-28,Basic,0
267,Customer_267,customer267@mail.com,Delhi,India,2024-04-25,Premium,1
268,Customer_268,customer268@mail.com,Bangalore,India,2024-09-30,Premium,0
269,Customer_269,customer269@mail.com,Kolkata,India,2023-12-03,Premium,1
270,Customer_270,customer270@mail.com,Bangalore,India,2024-10-03,Premium,1
271,Customer_271,customer271@mail.com,Kolkata,India,2024-07-08,Basic,0
272,Customer_272,customer272@mail.com,Mumbai,India,2024-10-08,Premium,1
273,Customer_273,customer273@mail.com,Mumbai,India,2025-02-03,Basic,0
274,Customer_274,customer274@mail.com,Kolkata,India,2024-10-10,Premium,0
275,Customer_275,customer275@mail.com,Hyderabad,India,2023-06-20,Premium,0
276,Customer_276,customer276@mail.com,Delhi,India,2023-11-29,Premium,1
277,Customer_277,customer277@mail.com,Bangalore,India,2024-01-19,Basic,0
278,Customer_278,customer278@mail.com,Pune,India,2024-02-26,Basic,0
279,Customer_279,customer279@mail.com,Mumbai,India,2023-06-29,Basic,1
280,Customer_280,customer280@mail.com,Pune,India,2024-11-30,Basic,0
281,Customer_281,customer281@mail.com,Mumbai,India,2024-04-17,Premium,1
282,Customer_282,customer282@mail.com,Bangalore,India,2024-11-13,Basic,1
283,Customer_283,customer283@mail.com,Bangalore,India,2024-11-24,Basic,0
284,Customer_284,customer284@mail.com,Hyderabad,India,2023-12-20,Enterprise,1
285,Customer_285,customer285@mail.com,Chennai,India,2024-03-10,Premium,1
286,Customer_286,customer286@mail.com,Kolkata,India,2023-11-06,Basic,1
287,Customer_287,customer287@mail.com,Kolkata,India,2024-05-09,Basic,1
288,Customer_288,customer288@mail.com,Pune,India,2024-01-03,Basic,1
289,Customer_289,customer289@mail.com,Delhi,India,2025-04-29,Premium,1
290,Customer_290,customer290@mail.com,Delhi,India,2024-08-02,Premium,0
291,Customer_291,customer291@mail.com,Pune,India,2025-02-02,Basic,1
292,Customer_292,customer292@mail.com,Kolkata,India,2025-03-29,Basic,1
293,Customer_293,customer293@mail.com,Mumbai,India,2024-10-13,Basic,1
294,Customer_294,customer294@mail.com,Chennai,India,2025-02-12,Premium,0
295,Customer_295,customer295@mail.com,Chennai,India,2023-04-10,Enterprise,0
296,Customer_296,customer296@mail.com,Bangalore,India,2025-03-18,Basic,1
297,Customer_297,customer297@mail.com,Chennai,India,2023-05-15,Basic,1
298,Customer_298,customer298@mail.com,Bangalore,India,2025-02-04,Basic,0
299,Customer_299,customer299@mail.com,Mumbai,India,2025-03-16,Basic,1
300,Customer_300,customer300@mail.com,Pune,India,2024-05-28,Enterprise,0
301,Customer_301,customer301@mail.com,Bangalore,India,2025-04-24,Enterprise,1
302,Customer_302,customer302@mail.com,Chennai,India,2025-06-10,Basic,0
303,Customer_303,customer303@mail.com,Hyderabad,India,2023-03-19,Basic,0
304,Customer_304,customer304@mail.com,Kolkata,India,2024-11-23,Premium,1
305,Customer_305,customer305@mail.com,Kolkata,India,2025-04-03,Basic,0
306,Customer_306,customer306@mail.com,Kolkata,India,2024-02-09,Basic,0
307,Customer_307,customer307@mail.com,Hyderabad,India,2024-01-13,Premium,1
308,Customer_308,customer308@mail.com,Pune,India,2024-01-26,Premium,1
309,Customer_309,customer309@mail.com,Delhi,India,2024-11-22,Basic,0
310,Customer_310,customer310@mail.com,Pune,India,2024-07-28,Basic,0
311,Customer_311,customer311@mail.com,Chennai,India,2023-03-06,Premium,1
312,Customer_312,customer312@mail.com,Chennai,India,2023-11-06,Premium,0
313,Customer_313,customer313@mail.com,Mumbai,India,2023-02-16,Enterprise,1
314,Customer_314,customer314@mail.com,Hyderabad,India,2023-04-29,Basic,0
315,Customer_315,customer315@mail.com,Hyderabad,India,2024-04-09,Basic,1
316,Customer_316,customer316@mail.com,Pune,India,2025-01-30,Premium,1
317,Customer_317,customer317@mail.com,Chennai,India,2023-04-12,Premium,1
318,Customer_318,customer318@mail.com,Bangalore,India,2023-02-03,Premium,0
319,Customer_319,customer319@mail.com,Hyderabad,India,2024-03-31,Enterprise,1
320,Customer_320,customer320@mail.com,Delhi,India,2024-12-03,Basic,1
321,Customer_321,customer321@mail.com,Delhi,India,2024-02-12,Basic,0
322,Customer_322,customer322@mail.com,Kolkata,India,2025-04-23,Basic,0
323,Customer_323,customer323@mail.com,Chennai,India,2024-10-16,Basic,0
324,Customer_324,customer324@mail.com,Delhi,India,2025-03-16,Basic,0
325,Customer_325,customer325@mail.com,Kolkata,India,2024-08-01,Basic,0
326,Customer_326,customer326@mail.com,Pune,India,2023-08-10,Premium,0
327,Customer_327,customer327@mail.com,Bangalore,India,2025-03-03,Basic,0
328,Customer_328,customer328@mail.com,Bangalore,India,2025-05-29,Enterprise,0
329,Customer_329,customer329@mail.com,Pune,India,2023-09-14,Premium,0
330,Customer_330,customer330@mail.com,Chennai,India,2025-06-06,Basic,0
331,Customer_331,customer331@mail.com,Bangalore,India,2025-03-19,Premium,1
332,Customer_332,customer332@mail.com,Delhi,India,2023-06-28,Basic,0
333,Customer_333,customer333@mail.com,Chennai,India,2024-03-07,Basic,0
334,Customer_334,customer334@mail.com,Hyderabad,India,2024-04-04,Premium,0
335,Customer_335,customer335@mail.com,Hyderabad,India,2024-05-30,Basic,0
336,Customer_336,customer336@mail.com,Chennai,India,2025-03-13,Enterprise,1
337,Customer_337,customer337@mail.com,Hyderabad,India,2024-10-20,Enterprise,0
338,Customer_338,customer338@mail.com,Hyderabad,India,2025-05-17,Basic,0
339,Customer_339,customer339@mail.com,Hyderabad,India,2024-12-30,Enterprise,0
340,Customer_340,customer340@mail.com,Delhi,India,2023-11-26,Premium,0
341,Customer_341,customer341@mail.com,Mumbai,India,2023-10-09,Premium,1
342,Customer_342,customer342@mail.com,Hyderabad,India,2024-09-03,Basic,1
343,Customer_343,customer343@mail.com,Pune,India,2024-09-11,Basic,0
344,Customer_344,customer344@mail.com,Kolkata,India,2024-11-01,Premium,0
345,Customer_345,customer345@mail.com,Hyderabad,India,2024-04-07,Premium,1
346,Customer_346,customer346@mail.com,Bangalore,India,2025-04-27,Basic,1
347,Customer_347,customer347@mail.com,Chennai,India,2023-04-08,Basic,1
348,Customer_348,customer348@mail.com,Chennai,India,2023-09-19,Basic,0
349,Customer_349,customer349@mail.com,Chennai,India,2024-04-30,Basic,0
350,Customer_350,customer350@mail.com,Delhi,India,2024-03-18,Basic,1
351,Customer_351,customer351@mail.com,Kolkata,India,2023-05-14,Basic,1
352,Customer_352,customer352@mail.com,Chennai,India,2023-05-06,Basic,1
353,Customer_353,customer353@mail.com,Kolkata,India,2025-01-08,Basic,1
354,Customer_354,customer354@mail.com,Pune,India,2023-11-16,Basic,0
355,Customer_355,customer355@mail.com,Mumbai,India,2024-11-03,Basic,0
356,Customer_356,customer356@mail.com,Bangalore,India,2025-05-15,Basic,0
357,Customer_357,customer357@mail.com,Kolkata,India,2023-10-13,Basic,1
358,Customer_358,customer358@mail.com,Kolkata,India,2024-07-28,Enterprise,0
359,Customer_359,customer359@mail.com,Pune,India,2024-11-04,Premium,1
360,Customer_360,customer360@mail.com,Delhi,India,2023-07-04,Basic,1
361,Customer_361,customer361@mail.com,Bangalore,India,2023-12-26,Basic,0
362,Customer_362,customer362@mail.com,Pune,India,2024-11-04,Basic,0
363,Customer_363,customer363@mail.com,Chennai,India,2024-10-10,Enterprise,0
364,Customer_364,customer364@mail.com,Chennai,India,2024-06-27,Basic,1
365,Customer_365,customer365@mail.com,Hyderabad,India,2023-12-16,Basic,1
366,Customer_366,customer366@mail.com,Chennai,India,2023-11-29,Premium,0
367,Customer_367,customer367@mail.com,Delhi,India,2023-06-09,Basic,0
368,Customer_368,customer368@mail.com,Chennai,India,2023-03-25,Basic,1
369,Customer_369,customer369@mail.com,Hyderabad,India,2024-09-13,Basic,1
370,Customer_370,customer370@mail.com,Mumbai,India,2025-02-12,Basic,1
371,Customer_371,customer371@mail.com,Hyderabad,India,2023-04-24,Basic,1
372,Customer_372,customer372@mail.com,Pune,India,2024-11-14,Basic,0
373,Customer_373,customer373@mail.com,Hyderabad,India,2024-09-05,Basic,0
374,Customer_374,customer374@mail.com,Bangalore,India,2023-08-05,Premium,1
375,Customer_375,customer375@mail.com,Bangalore,India,2023-12-02,Basic,1
376,Customer_376,customer376@mail.com,Chennai,India,2024-03-16,Basic,1
377,Customer_377,customer377@mail.com,Pune,India,2024-12-21,Basic,1
378,Customer_378,customer378@mail.com,Delhi,India,2024-02-11,Premium,0
379,Customer_379,customer379@mail.com,Hyderabad,India,2023-01-20,Basic,0
380,Customer_380,customer380@mail.com,Kolkata,India,2023-11-17,Basic,1
381,Customer_381,customer381@mail.com,Chennai,India,2024-10-17,Basic,0
382,Customer_382,customer382@mail.com,Hyderabad,India,2023-01-22,Enterprise,0
383,Customer_383,customer383@mail.com,Kolkata,India,2024-09-24,Basic,1
384,Customer_384,customer384@mail.com,Delhi,India,2024-03-23,Premium,0
385,Customer_385,customer385@mail.com,Hyderabad,India,2024-08-26,Basic,0
386,Customer_386,customer386@mail.com,Hyderabad,India,2025-06-10,Basic,1
387,Customer_387,customer387@mail.com,Mumbai,India,2023-12-08,Premium,0
388,Customer_388,customer388@mail.com,Pune,India,2024-10-10,Basic,0
389,Customer_389,customer389@mail.com,Kolkata,India,2023-12-24,Basic,0
390,Customer_390,customer390@mail.com,Mumbai,India,2023-04-16,Basic,0
391,Customer_391,customer391@mail.com,Mumbai,India,2024-09-08,Basic,0
392,Customer_392,customer392@mail.com,Mumbai,India,2025-03-02,Premium,1
393,Customer_393,customer393@mail.com,Kolkata,India,2024-07-31,Premium,1
394,Customer_394,customer394@mail.com,Chennai,India,2024-08-01,Premium,1
395,Customer_395,customer395@mail.com,Kolkata,India,2024-10-04,Basic,1
396,Customer_396,customer396@mail.com,Delhi,India,2024-04-25,Basic,1
397,Customer_397,customer397@mail.com,Kolkata,India,2023-10-09,Basic,1
398,Customer_398,customer398@mail.com,Pune,India,2023-03-17,Basic,1
399,Customer_399,customer399@mail.com,Delhi,India,2023-02-28,Basic,1
400,Customer_400,customer400@mail.com,Delhi,India,2024-10-22,Premium,0
401,Customer_401,customer401@mail.com,Pune,India,2024-08-31,Basic,1
402,Customer_402,customer402@mail.com,Pune,India,2024-07-21,Enterprise,0
403,Customer_403,customer403@mail.com,Hyderabad,India,2025-04-09,Basic,0
404,Customer_404,customer404@mail.com,Bangalore,India,2024-09-11,Basic,0
405,Customer_405,customer405@mail.com,Delhi,India,2024-04-06,Basic,1
406,Customer_406,customer406@mail.com,Chennai,India,2023-03-28,Basic,0
407,Customer_407,customer407@mail.com,Delhi,India,2023-09-11,Premium,1
408,Customer_408,customer408@mail.com,Pune,India,2024-06-19,Premium,1
409,Customer_409,customer409@mail.com,Bangalore,India,2023-10-17,Basic,1
410,Customer_410,customer410@mail.com,Chennai,India,2024-09-04,Basic,1
411,Customer_411,customer411@mail.com,Delhi,India,2023-12-04,Basic,1
412,Customer_412,customer412@mail.com,Bangalore,India,2023-09-16,Premium,0
413,Customer_413,customer413@mail.com,Bangalore,India,2023-03-25,Basic,0
414,Customer_414,customer414@mail.com,Bangalore,India,2023-11-14,Enterprise,1
415,Customer_415,customer415@mail.com,Mumbai,India,2024-09-01,Premium,0
416,Customer_416,customer416@mail.com,Bangalore,India,2024-07-26,Basic,1
417,Customer_417,customer417@mail.com,Kolkata,India,2023-05-11,Premium,0
418,Customer_418,customer418@mail.com,Chennai,India,2024-11-17,Basic,1
419,Customer_419,customer419@mail.com,Delhi,India,2024-01-07,Basic,0
420,Customer_420,customer420@mail.com,Bangalore,India,2025-02-23,Basic,0
421,Customer_421,customer421@mail.com,Mumbai,India,2023-06-08,Basic,0
422,Customer_422,customer422@mail.com,Pune,India,2025-02-28,Basic,0
423,Customer_423,customer423@mail.com,Chennai,India,2023-12-11,Premium,0
424,Customer_424,customer424@mail.com,Pune,India,2024-01-21,Basic,0
425,Customer_425,customer425@mail.com,Kolkata,India,2024-12-10,Premium,0
426,Customer_426,customer426@mail.com,Chennai,India,2024-03-24,Basic,1
427,Customer_427,customer427@mail.com,Chennai,India,2025-01-06,Basic,1
428,Customer_428,customer428@mail.com,Pune,India,2023-10-19,Premium,1
429,Customer_429,customer429@mail.com,Mumbai,India,2024-06-30,Basic,1
430,Customer_430,customer430@mail.com,Kolkata,India,2023-07-18,Basic,1
431,Customer_431,customer431@mail.com,Hyderabad,India,2025-02-26,Basic,1
432,Customer_432,customer432@mail.com,Pune,India,2024-06-24,Basic,0
433,Customer_433,customer433@mail.com,Kolkata,India,2023-07-24,Premium,0
434,Customer_434,customer434@mail.com,Kolkata,India,2023-09-14,Basic,1
435,Customer_435,customer435@mail.com,Kolkata,India,2024-01-16,Basic,0
436,Customer_436,customer436@mail.com,Chennai,India,2025-05-16,Basic,0
437,Customer_437,customer437@mail.com,Bangalore,India,2023-03-27,Premium,1
438,Customer_438,customer438@mail.com,Hyderabad,India,2024-06-09,Basic,1
439,Customer_439,customer439@mail.com,Delhi,India,2023-08-16,Premium,1
440,Customer_440,customer440@mail.com,Delhi,India,2024-02-29,Basic,1
441,Customer_441,customer441@mail.com,Mumbai,India,2024-01-31,Enterprise,1
442,Customer_442,customer442@mail.com,Mumbai,India,2023-01-29,Basic,0
443,Customer_443,customer443@mail.com,Kolkata,India,2025-01-01,Premium,0
444,Customer_444,customer444@mail.com,Mumbai,India,2023-02-09,Basic,1
445,Customer_445,customer445@mail.com,Chennai,India,2025-05-01,Basic,1
446,Customer_446,customer446@mail.com,Hyderabad,India,2024-09-22,Basic,0
447,Customer_447,customer447@mail.com,Delhi,India,2023-09-20,Basic,0
448,Customer_448,customer448@mail.com,Pune,India,2025-01-14,Premium,1
449,Customer_449,customer449@mail.com,Delhi,India,2025-03-05,Basic,1
450,Customer_450,customer450@mail.com,Delhi,India,2023-02-18,Basic,1
451,Customer_451,customer451@mail.com,Delhi,India,2023-04-24,Premium,1
452,Customer_452,customer452@mail.com,Pune,India,2024-07-02,Basic,0
453,Customer_453,customer453@mail.com,Chennai,India,2023-05-28,Basic,0
454,Customer_454,customer454@mail.com,Pune,India,2023-12-28,Basic,1
455,Customer_455,customer455@mail.com,Mumbai,India,2024-11-11,Premium,1
456,Customer_456,customer456@mail.com,Delhi,India,2024-06-22,Basic,0
457,Customer_457,customer457@mail.com,Hyderabad,India,2025-06-13,Basic,1
458,Customer_458,customer458@mail.com,Bangalore,India,2023-09-17,Premium,1
459,Customer_459,customer459@mail.com,Kolkata,India,2023-03-11,Basic,0
460,Customer_460,customer460@mail.com,Kolkata,India,2024-08-18,Premium,1
461,Customer_461,customer461@mail.com,Mumbai,India,2023-02-15,Basic,1
462,Customer_462,customer462@mail.com,Kolkata,India,2024-10-20,Basic,1
463,Customer_463,customer463@mail.com,Chennai,India,2024-05-05,Premium,0
464,Customer_464,customer464@mail.com,Delhi,India,2025-01-03,Premium,1
465,Customer_465,customer465@mail.com,Delhi,India,2023-10-28,Basic,0
466,Customer_466,customer466@mail.com,Delhi,India,2023-11-20,Enterprise,1
467,Customer_467,customer467@mail.com,Kolkata,India,2024-07-10,Basic,0
468,Customer_468,customer468@mail.com,Kolkata,India,2024-10-24,Basic,1
469,Customer_469,customer469@mail.com,Kolkata,India,2025-03-10,Basic,1
470,Customer_470,customer470@mail.com,Bangalore,India,2023-05-08,Premium,1
471,Customer_471,customer471@mail.com,Hyderabad,India,2025-01-31,Basic,1
472,Customer_472,customer472@mail.com,Bangalore,India,2023-07-11,Basic,1
473,Customer_473,customer473@mail.com,Bangalore,India,2025-03-27,Basic,0
474,Customer_474,customer474@mail.com,Chennai,India,2024-03-10,Basic,0
475,Customer_475,customer475@mail.com,Pune,India,2023-10-28,Basic,0
476,Customer_476,customer476@mail.com,Bangalore,India,2024-11-07,Basic,1
477,Customer_477,customer477@mail.com,Pune,India,2025-01-04,Basic,1
478,Customer_478,customer478@mail.com,Bangalore,India,2024-04-02,Basic,1
479,Customer_479,customer479@mail.com,Pune,India,2024-03-21,Basic,0
480,Customer_480,customer480@mail.com,Delhi,India,2024-11-18,Premium,1
481,Customer_481,customer481@mail.com,Pune,India,2025-03-31,Premium,0
482,Customer_482,customer482@mail.com,Delhi,India,2023-05-27,Premium,1
483,Customer_483,customer483@mail.com,Delhi,India,2023-05-10,Basic,1
484,Customer_484,customer484@mail.com,Bangalore,India,2024-01-28,Enterprise,0
485,Customer_485,customer485@mail.com,Pune,India,2023-06-07,Premium,1
486,Customer_486,customer486@mail.com,Bangalore,India,2024-03-30,Premium,0
487,Customer_487,customer487@mail.com,Pune,India,2024-01-11,Basic,1
488,Customer_488,customer488@mail.com,Mumbai,India,2023-04-27,Basic,0
489,Customer_489,customer489@mail.com,Hyderabad,India,2024-06-14,Basic,0
490,Customer_490,customer490@mail.com,Bangalore,India,2025-03-04,Basic,1
491,Customer_491,customer491@mail.com,Mumbai,India,2024-09-18,Basic,1
492,Customer_492,customer492@mail.com,Mumbai,India,2023-05-06,Basic,0
493,Customer_493,customer493@mail.com,Hyderabad,India,2023-06-26,Premium,1
494,Customer_494,customer494@mail.com,Delhi,India,2025-04-09,Premium,1
495,Customer_495,customer495@mail.com,Chennai,India,2023-12-22,Premium,1
496,Customer_496,customer496@mail.com,Bangalore,India,2025-05-21,Basic,0
497,Customer_497,customer497@mail.com,Kolkata,India,2024-01-06,Basic,0
498,Customer_498,customer498@mail.com,Mumbai,India,2025-03-22,Basic,1
499,Customer_499,customer499@mail.com,Delhi,India,2024-01-05,Basic,1
500,Customer_500,customer500@mail.com,Hyderabad,India,2025-04-02,Enterprise,0
